1	PPPP:PPPP:cScP:c--P:ScS-	PPPP:cScP:c--P:ScS-
1	PPPP:PPPP:PScP:c--P:ScS-	PPPP:PScP:c--P:ScS-
1	PPPP:PPPP:SScP:c--P:ScS-	PPPP:SScP:c--P:ScS-
1	PPPP:PPPP:cSPP:c--P:ScS-	PPPP:cSPP:c--P:ScS-
1	PPPP:PPPP:PSPP:c--P:ScS-	PPPP:PSPP:c--P:ScS-
1	PPPP:PPPP:SSPP:c--P:ScS-	PPPP:SSPP:c--P:ScS-
1	PPPP:PPPP:cSSP:c--P:ScS-	PPPP:cSSP:c--P:ScS-
1	PPPP:PPPP:SSSP:c--P:ScS-	PPPP:SSSP:c--P:ScS-
1	PPPP:PPPP:cccc:-c-S:ScS-	PPPP:cccc:-c-S:ScS-
1	PPPP:PPPP:cPcc:-c-S:ScS-	PPPP:cPcc:-c-S:ScS-
1	PPPP:PPPP:ccPc:-c-S:ScS-	PPPP:ccPc:-c-S:ScS-
1	PPPP:PPPP:PcPc:-c-S:ScS-	PPPP:PcPc:-c-S:ScS-
1	PPPP:PPPP:cPPc:-c-S:ScS-	PPPP:cPPc:-c-S:ScS-
1	PPPP:PPPP:PPPc:-c-S:ScS-	PPPP:PPPc:-c-S:ScS-
1	PPPP:PPPP:PcSc:-c-S:ScS-	PPPP:PcSc:-c-S:ScS-
1	PPPP:PPPP:ScSc:-c-S:ScS-	PPPP:ScSc:-c-S:ScS-
1	PPPP:PPPP:PPSc:-c-S:ScS-	PPPP:PPSc:-c-S:ScS-
1	PPPP:PPPP:SPSc:-c-S:ScS-	PPPP:SPSc:-c-S:ScS-
1	PPPP:PPPP:PSSc:-c-S:ScS-	PPPP:PSSc:-c-S:ScS-
1	PPPP:PPPP:SSSc:-c-S:ScS-	PPPP:SSSc:-c-S:ScS-
1	PPPP:PPPP:cPcc:-P-S:ScS-	PPPP:cPcc:-P-S:ScS-
1	PPPP:PPPP:cPPc:-P-S:ScS-	PPPP:cPPc:-P-S:ScS-
1	PPPP:PPPP:PPPc:-P-S:ScS-	PPPP:PPPc:-P-S:ScS-
1	PPPP:PPPP:cPSc:-P-S:ScS-	PPPP:cPSc:-P-S:ScS-
1	PPPP:PPPP:PPSc:-P-S:ScS-	PPPP:PPSc:-P-S:ScS-
1	PPPP:PPPP:SPSc:-P-S:ScS-	PPPP:SPSc:-P-S:ScS-
1	PPPP:PPPP:cccc:-S-S:ScS-	PPPP:cccc:-S-S:ScS-
1	PPPP:PPPP:cScc:-S-S:ScS-	PPPP:cScc:-S-S:ScS-
1	PPPP:PPPP:ccPc:-S-S:ScS-	PPPP:ccPc:-S-S:ScS-
1	PPPP:PPPP:cPPc:-S-S:ScS-	PPPP:cPPc:-S-S:ScS-
1	PPPP:PPPP:PPPc:-S-S:ScS-	PPPP:PPPc:-S-S:ScS-
1	PPPP:PPPP:cSPc:-S-S:ScS-	PPPP:cSPc:-S-S:ScS-
1	PPPP:PPPP:PSPc:-S-S:ScS-	PPPP:PSPc:-S-S:ScS-
1	PPPP:PPPP:ccSc:-S-S:ScS-	PPPP:ccSc:-S-S:ScS-
1	PPPP:PPPP:PcSc:-S-S:ScS-	PPPP:PcSc:-S-S:ScS-
1	PPPP:PPPP:ScSc:-S-S:ScS-	PPPP:ScSc:-S-S:ScS-
1	PPPP:PPPP:cPSc:-S-S:ScS-	PPPP:cPSc:-S-S:ScS-
1	PPPP:PPPP:PPSc:-S-S:ScS-	PPPP:PPSc:-S-S:ScS-
1	PPPP:PPPP:SPSc:-S-S:ScS-	PPPP:SPSc:-S-S:ScS-
1	PPPP:PPPP:cSSc:-S-S:ScS-	PPPP:cSSc:-S-S:ScS-
1	PPPP:PPPP:PSSc:-S-S:ScS-	PPPP:PSSc:-S-S:ScS-
1	PPPP:PPPP:SSSc:-S-S:ScS-	PPPP:SSSc:-S-S:ScS-
1	PPPP:PPPP:cScc:c--S:ScS-	PPPP:cScc:c--S:ScS-
1	PPPP:PPPP:PScc:c--S:ScS-	PPPP:PScc:c--S:ScS-
1	PPPP:PPPP:SScc:c--S:ScS-	PPPP:SScc:c--S:ScS-
1	PPPP:PPPP:cSPc:c--S:ScS-	PPPP:cSPc:c--S:ScS-
1	PPPP:PPPP:PSPc:c--S:ScS-	PPPP:PSPc:c--S:ScS-
1	PPPP:PPPP:SSPc:c--S:ScS-	PPPP:SSPc:c--S:ScS-
1	PPPP:PPPP:cSSc:c--S:ScS-	PPPP:cSSc:c--S:ScS-
1	PPPP:PPPP:SSSc:c--S:ScS-	PPPP:SSSc:c--S:ScS-
1	PPPP:PPPP:PScP:c--S:ScS-	PPPP:PScP:c--S:ScS-
1	PPPP:PPPP:SScP:c--S:ScS-	PPPP:SScP:c--S:ScS-
1	PPPP:PPPP:cSPP:c--S:ScS-	PPPP:cSPP:c--S:ScS-
1	PPPP:PPPP:PSPP:c--S:ScS-	PPPP:PSPP:c--S:ScS-
1	PPPP:PPPP:SSPP:c--S:ScS-	PPPP:SSPP:c--S:ScS-
1	PPPP:PPPP:cSSP:c--S:ScS-	PPPP:cSSP:c--S:ScS-
1	PPPP:PPPP:SSSP:c--S:ScS-	PPPP:SSSP:c--S:ScS-
1	PPPP:PPPP:cScS:c--S:ScS-	PPPP:cScS:c--S:ScS-
1	PPPP:PPPP:PScS:c--S:ScS-	PPPP:PScS:c--S:ScS-
1	PPPP:PPPP:cSPS:c--S:ScS-	PPPP:cSPS:c--S:ScS-
1	PPPP:PPPP:PSPS:c--S:ScS-	PPPP:PSPS:c--S:ScS-
1	PPPP:PPPP:PSSS:c--S:ScS-	PPPP:PSSS:c--S:ScS-
1	PPPP:PPPP:cScc:P--S:ScS-	PPPP:cScc:P--S:ScS-
1	PPPP:PPPP:PScc:P--S:ScS-	PPPP:PScc:P--S:ScS-
1	PPPP:PPPP:cSPc:P--S:ScS-	PPPP:cSPc:P--S:ScS-
1	PPPP:PPPP:PSPc:P--S:ScS-	PPPP:PSPc:P--S:ScS-
1	PPPP:PPPP:cSSc:P--S:ScS-	PPPP:cSSc:P--S:ScS-
1	PPPP:PPPP:PSSc:P--S:ScS-	PPPP:PSSc:P--S:ScS-
1	PPPP:PPPP:SSSc:P--S:ScS-	PPPP:SSSc:P--S:ScS-
1	PPPP:PPPP:cScc:S--S:ScS-	PPPP:cScc:S--S:ScS-
1	PPPP:PPPP:PScc:S--S:ScS-	PPPP:PScc:S--S:ScS-
1	PPPP:PPPP:cSPc:S--S:ScS-	PPPP:cSPc:S--S:ScS-
1	PPPP:PPPP:PSPc:S--S:ScS-	PPPP:PSPc:S--S:ScS-
1	PPPP:PPPP:SSSc:S--S:ScS-	PPPP:SSSc:S--S:ScS-
1	PPPP:PPPP:cccP:-c--:ScS-	PPPP:cccP:-c--:ScS-
1	PPPP:PPPP:cPcP:-c--:ScS-	PPPP:cPcP:-c--:ScS-
1	PPPP:PPPP:cScP:-c--:ScS-	PPPP:cScP:-c--:ScS-
1	PPPP:PPPP:ccPP:-c--:ScS-	PPPP:ccPP:-c--:ScS-
1	PPPP:PPPP:cSPP:-c--:ScS-	PPPP:cSPP:-c--:ScS-
1	PPPP:PPPP:ccSP:-c--:ScS-	PPPP:ccSP:-c--:ScS-
1	PPPP:PPPP:cSSP:-c--:ScS-	PPPP:cSSP:-c--:ScS-
1	PPPP:PPPP:cccS:-c--:ScS-	PPPP:cccS:-c--:ScS-
1	PPPP:PPPP:cPcS:-c--:ScS-	PPPP:cPcS:-c--:ScS-
1	PPPP:PPPP:cScS:-c--:ScS-	PPPP:cScS:-c--:ScS-
1	PPPP:PPPP:ccPS:-c--:ScS-	PPPP:ccPS:-c--:ScS-
1	PPPP:PPPP:cPPS:-c--:ScS-	PPPP:cPPS:-c--:ScS-
1	PPPP:PPPP:cSPS:-c--:ScS-	PPPP:cSPS:-c--:ScS-
1	PPPP:PPPP:ccSS:-c--:ScS-	PPPP:ccSS:-c--:ScS-
1	PPPP:PPPP:cPSS:-c--:ScS-	PPPP:cPSS:-c--:ScS-
1	PPPP:PPPP:cSSS:-c--:ScS-	PPPP:cSSS:-c--:ScS-
1	PPPP:PPPP:cPcP:-P--:ScS-	PPPP:cPcP:-P--:ScS-
1	PPPP:PPPP:cPPP:-P--:ScS-	PPPP:cPPP:-P--:ScS-
1	PPPP:PPPP:cPSP:-P--:ScS-	PPPP:cPSP:-P--:ScS-
1	PPPP:PPPP:cPcS:-P--:ScS-	PPPP:cPcS:-P--:ScS-
1	PPPP:PPPP:cccP:-S--:ScS-	PPPP:cccP:-S--:ScS-
1	PPPP:PPPP:cPcP:-S--:ScS-	PPPP:cPcP:-S--:ScS-
1	PPPP:PPPP:cSPP:-S--:ScS-	PPPP:cSPP:-S--:ScS-
1	PPPP:PPPP:ccSP:-S--:ScS-	PPPP:ccSP:-S--:ScS-
1	PPPP:PPPP:cSSP:-S--:ScS-	PPPP:cSSP:-S--:ScS-
1	PPPP:PPPP:cccS:-S--:ScS-	PPPP:cccS:-S--:ScS-
1	PPPP:PPPP:cPcS:-S--:ScS-	PPPP:cPcS:-S--:ScS-
1	PPPP:PPPP:cScS:-S--:ScS-	PPPP:cScS:-S--:ScS-
1	PPPP:PPPP:ccPS:-S--:ScS-	PPPP:ccPS:-S--:ScS-
1	PPPP:PPPP:cPPS:-S--:ScS-	PPPP:cPPS:-S--:ScS-
1	PPPP:PPPP:cSPS:-S--:ScS-	PPPP:cSPS:-S--:ScS-
1	PPPP:PPPP:ccSS:-S--:ScS-	PPPP:ccSS:-S--:ScS-
1	PPPP:PPPP:cPSS:-S--:ScS-	PPPP:cPSS:-S--:ScS-
1	PPPP:PPPP:cSSS:-S--:ScS-	PPPP:cSSS:-S--:ScS-
1	PPPP:PPPP:SScP:P---:ScS-	PPPP:SScP:P---:ScS-
1	PPPP:PPPP:cSPP:P---:ScS-	PPPP:cSPP:P---:ScS-
1	PPPP:PPPP:cSSP:P---:ScS-	PPPP:cSSP:P---:ScS-
1	PPPP:PPPP:cScS:P---:ScS-	PPPP:cScS:P---:ScS-
1	PPPP:PPPP:PScS:P---:ScS-	PPPP:PScS:P---:ScS-
1	PPPP:PPPP:SScS:P---:ScS-	PPPP:SScS:P---:ScS-
1	PPPP:PPPP:cSPS:P---:ScS-	PPPP:cSPS:P---:ScS-
1	PPPP:PPPP:cSSS:P---:ScS-	PPPP:cSSS:P---:ScS-
1	PPPP:PPPP:cScP:S---:ScS-	PPPP:cScP:S---:ScS-
1	PPPP:PPPP:PScP:S---:ScS-	PPPP:PScP:S---:ScS-
1	PPPP:PPPP:SScP:S---:ScS-	PPPP:SScP:S---:ScS-
1	PPPP:PPPP:cScS:S---:ScS-	PPPP:cScS:S---:ScS-
1	PPPP:PPPP:PScS:S---:ScS-	PPPP:PScS:S---:ScS-
1	PPPP:PPPP:SScS:S---:ScS-	PPPP:SScS:S---:ScS-
1	PPPP:PPPP:cSPS:S---:ScS-	PPPP:cSPS:S---:ScS-
1	PPPP:PPPP:ccSc:-c-S:ScS-	PPPP:ccSc:-c-S:ScS-
1	PPPP:PPPP:cPSc:-c-S:ScS-	PPPP:cPSc:-c-S:ScS-
1	PPPP:PPPP:cScP:-S--:ScS-	PPPP:cScP:-S--:ScS-
1	PPPP:PPPP:ccPP:-S--:ScS-	PPPP:ccPP:-S--:ScS-
1	PPPP:PPPP:SSPS:c--S:ScS-	PPPP:SSPS:c--S:ScS-
1	PPPP:PPPP:cScP:P---:ScS-	PPPP:cScP:P---:ScS-
1	PPPP:PPPP:cPSP:-S--:ScS-	PPPP:cPSP:-S--:ScS-
1	PPPP:PPPP:PScP:P---:ScS-	PPPP:PScP:P---:ScS-
1	PPPP:PPPP:cPPS:-P--:ScS-	PPPP:cPPS:-P--:ScS-
1	PPPP:PPSP:cP-P:-P--:ScS-	PPSP:cP-P:-P--:ScS-
1	PPPP:PPPP:cP-S:-P--:ScS-	PPPP:cP-S:-P--:ScS-
1	PPPP:PPSP:cP-S:-P--:ScS-	PPSP:cP-S:-P--:ScS-
1	PPPP:PPPP:cS-P:-S--:ScS-	PPPP:cS-P:-S--:ScS-
1	PPPP:PPPP:cP-S:-S--:ScS-	PPPP:cP-S:-S--:ScS-
1	PPPP:PPPP:cS-S:-S--:ScS-	PPPP:cS-S:-S--:ScS-
1	PPPP:PSPP:c-SP:P---:ScS-	PSPP:c-SP:P---:ScS-
1	PPPP:PPPP:cS-P:P---:ScS-	PPPP:cS-P:P---:ScS-
1	PPPP:PPSP:cS-P:P---:ScS-	PPSP:cS-P:P---:ScS-
1	PPPP:PSPP:c-PS:P---:ScS-	PSPP:c-PS:P---:ScS-
1	PPPP:PSPP:c-SS:P---:ScS-	PSPP:c-SS:P---:ScS-
1	PPPP:PPPP:cS-S:P---:ScS-	PPPP:cS-S:P---:ScS-
1	PPPP:PPSP:cS-S:P---:ScS-	PPSP:cS-S:P---:ScS-
1	PPPP:PPPP:cS-P:S---:ScS-	PPPP:cS-P:S---:ScS-
1	PPPP:PPSP:cS-P:S---:ScS-	PPSP:cS-P:S---:ScS-
1	PPPP:PPPP:cS-S:S---:ScS-	PPPP:cS-S:S---:ScS-
1	PPPP:PPSP:cS-S:S---:ScS-	PPSP:cS-S:S---:ScS-
1	PPPP:PPPP:cPPP:-c--:ScS-	PPPP:cPPP:-c--:ScS-
1	PPPP:PPPP:cPSP:-c--:ScS-	PPPP:cPSP:-c--:ScS-
1	PPPP:PPPP:cSSS:S---:ScS-	PPPP:cSSS:S---:ScS-
1	PPPP:PPPP:cSSc:-c-S:ScS-	PPPP:cSSc:-c-S:ScS-
1	PPPP:PPPP:cPPP:-S--:ScS-	PPPP:cPPP:-S--:ScS-
1	PPPP:PPPP:PSSc:c--S:ScS-	PPPP:PSSc:c--S:ScS-
1	PPPP:PPPP:PSSP:c--S:ScS-	PPPP:PSSP:c--S:ScS-
1	PPPP:PPPP:cSSS:c--S:ScS-	PPPP:cSSS:c--S:ScS-
1	PPPP:PPPP:PSSc:S--S:ScS-	PPPP:PSSc:S--S:ScS-
1	PPPP:PPPP:cScc:-c-S:ScS-	PPPP:cScc:-c-S:ScS-
1	PPPP:PPPP:cSPc:-c-S:ScS-	PPPP:cSPc:-c-S:ScS-
1	PPPP:PPPP:PSPc:-c-S:ScS-	PPPP:PSPc:-c-S:ScS-
1	PP-P:PP-P:PS-P:c--P:ScS-	PP-P:PS-P:c--P:ScS-
1	PP-P:PP-P:SS-P:c--P:ScS-	PP-P:SS-P:c--P:ScS-
1	PP-P:PP-P:cc-c:-c-S:ScS-	PP-P:cc-c:-c-S:ScS-
1	PP-P:PP-P:Pc-c:-c-S:ScS-	PP-P:Pc-c:-c-S:ScS-
1	PP-P:PP-P:Sc-c:-c-S:ScS-	PP-P:Sc-c:-c-S:ScS-
1	PP-P:PP-P:cP-c:-c-S:ScS-	PP-P:cP-c:-c-S:ScS-
1	PP-P:PP-P:PP-c:-c-S:ScS-	PP-P:PP-c:-c-S:ScS-
1	PP-P:PP-P:SP-c:-c-S:ScS-	PP-P:SP-c:-c-S:ScS-
1	PP-P:PP-P:PS-c:-c-S:ScS-	PP-P:PS-c:-c-S:ScS-
1	PP-P:PP-P:SS-c:-c-S:ScS-	PP-P:SS-c:-c-S:ScS-
1	PP-P:PP-P:cP-c:-P-S:ScS-	PP-P:cP-c:-P-S:ScS-
1	PP-P:PP-P:PP-c:-P-S:ScS-	PP-P:PP-c:-P-S:ScS-
1	PP-P:PP-P:SP-c:-P-S:ScS-	PP-P:SP-c:-P-S:ScS-
1	PP-P:PP-P:cc-c:-S-S:ScS-	PP-P:cc-c:-S-S:ScS-
1	PP-P:PP-P:Pc-c:-S-S:ScS-	PP-P:Pc-c:-S-S:ScS-
1	PP-P:PP-P:Sc-c:-S-S:ScS-	PP-P:Sc-c:-S-S:ScS-
1	PP-P:PP-P:cP-c:-S-S:ScS-	PP-P:cP-c:-S-S:ScS-
1	PP-P:PP-P:PP-c:-S-S:ScS-	PP-P:PP-c:-S-S:ScS-
1	PP-P:PP-P:SP-c:-S-S:ScS-	PP-P:SP-c:-S-S:ScS-
1	PP-P:PP-P:cS-c:-S-S:ScS-	PP-P:cS-c:-S-S:ScS-
1	PP-P:PP-P:PS-c:-S-S:ScS-	PP-P:PS-c:-S-S:ScS-
1	PP-P:PP-P:SS-c:-S-S:ScS-	PP-P:SS-c:-S-S:ScS-
1	PP-P:PP-P:cS-c:c--S:ScS-	PP-P:cS-c:c--S:ScS-
1	PP-P:PP-P:PS-c:c--S:ScS-	PP-P:PS-c:c--S:ScS-
1	PP-P:PP-P:SS-c:c--S:ScS-	PP-P:SS-c:c--S:ScS-
1	PP-P:PP-P:PS-P:c--S:ScS-	PP-P:PS-P:c--S:ScS-
1	PP-P:PP-P:cS-S:c--S:ScS-	PP-P:cS-S:c--S:ScS-
1	PP-P:PP-P:PS-S:c--S:ScS-	PP-P:PS-S:c--S:ScS-
1	PP-P:PP-P:SS-S:c--S:ScS-	PP-P:SS-S:c--S:ScS-
1	PP-P:PP-P:cS-c:P--S:ScS-	PP-P:cS-c:P--S:ScS-
1	PP-P:PP-P:PS-c:P--S:ScS-	PP-P:PS-c:P--S:ScS-
1	PP-P:PP-P:SS-c:P--S:ScS-	PP-P:SS-c:P--S:ScS-
1	PP-P:PP-P:cS-c:S--S:ScS-	PP-P:cS-c:S--S:ScS-
1	PP-P:PP-P:PS-c:S--S:ScS-	PP-P:PS-c:S--S:ScS-
1	PPPP:PPPP:cPSS:-P--:ScS-	PPPP:cPSS:-P--:ScS-
1	PP-P:PP-P:SS-c:S--S:ScS-	PP-P:SS-c:S--S:ScS-
1	PPPP:PSPP:c--P:P---:ScS-	PSPP:c--P:P---:ScS-
1	PPPP:PSPP:c--S:P---:ScS-	PSPP:c--S:P---:ScS-
1	-PPP:-PPP:-cPc:S-Pc:cS--	-PPP:-cPc:S-Pc:cS--
1	-PPP:-PPP:-SPc:S-Pc:cS--	-PPP:-SPc:S-Pc:cS--
1	-PPP:-PPP:-cPP:S-Pc:cS--	-PPP:-cPP:S-Pc:cS--
1	-PPP:-PPP:-PPP:S-Pc:cS--	-PPP:-PPP:S-Pc:cS--
1	-PPP:-PPP:-SPP:S-Pc:cS--	-PPP:-SPP:S-Pc:cS--
1	-PPP:-PPP:-cPS:S-Pc:cS--	-PPP:-cPS:S-Pc:cS--
1	-PPP:-PPP:-PPS:S-Pc:cS--	-PPP:-PPS:S-Pc:cS--
1	-PPP:-PPP:-SPS:S-Pc:cS--	-PPP:-SPS:S-Pc:cS--
1	-PPP:-PPP:-ccc:S-Sc:cS--	-PPP:-ccc:S-Sc:cS--
1	-PPP:-PPP:-Pcc:S-Sc:cS--	-PPP:-Pcc:S-Sc:cS--
1	-PPP:-PPP:-Scc:S-Sc:cS--	-PPP:-Scc:S-Sc:cS--
1	-PPP:-PPP:-cPc:S-Sc:cS--	-PPP:-cPc:S-Sc:cS--
1	-PPP:-PPP:-PPc:S-Sc:cS--	-PPP:-PPc:S-Sc:cS--
1	-PPP:-PPP:-SPc:S-Sc:cS--	-PPP:-SPc:S-Sc:cS--
1	-PPP:-PPP:-cSc:S-Sc:cS--	-PPP:-cSc:S-Sc:cS--
1	-PPP:-PPP:-PSc:S-Sc:cS--	-PPP:-PSc:S-Sc:cS--
1	-PPP:-PPP:-ccP:S-Sc:cS--	-PPP:-ccP:S-Sc:cS--
1	-PPP:-PPP:-PcP:S-Sc:cS--	-PPP:-PcP:S-Sc:cS--
1	-PPP:-PPP:-ScP:S-Sc:cS--	-PPP:-ScP:S-Sc:cS--
1	-PPP:-PPP:-cPP:S-Sc:cS--	-PPP:-cPP:S-Sc:cS--
1	-PPP:-PPP:-PPP:S-Sc:cS--	-PPP:-PPP:S-Sc:cS--
1	-PPP:-PPP:-SPP:S-Sc:cS--	-PPP:-SPP:S-Sc:cS--
1	-PPP:-PPP:-cSP:S-Sc:cS--	-PPP:-cSP:S-Sc:cS--
1	-PPP:-PPP:-PSP:S-Sc:cS--	-PPP:-PSP:S-Sc:cS--
1	-PPP:-PPP:-SSP:S-Sc:cS--	-PPP:-SSP:S-Sc:cS--
1	-PPP:-PPP:-ccS:S-Sc:cS--	-PPP:-ccS:S-Sc:cS--
1	-PPP:-PPP:-PcS:S-Sc:cS--	-PPP:-PcS:S-Sc:cS--
1	-PPP:-PPP:-ScS:S-Sc:cS--	-PPP:-ScS:S-Sc:cS--
1	-PPP:-PPP:-PPS:S-Sc:cS--	-PPP:-PPS:S-Sc:cS--
1	-PPP:-PPP:-SPS:S-Sc:cS--	-PPP:-SPS:S-Sc:cS--
1	-PPP:-PPP:-PSS:S-Sc:cS--	-PPP:-PSS:S-Sc:cS--
1	-PPP:-PPP:-SSS:S-Sc:cS--	-PPP:-SSS:S-Sc:cS--
1	-PPP:-PPP:-ccc:S-SS:cS--	-PPP:-ccc:S-SS:cS--
1	-PPP:-PPP:-Pcc:S-SS:cS--	-PPP:-Pcc:S-SS:cS--
1	-PPP:-PPP:-Scc:S-SS:cS--	-PPP:-Scc:S-SS:cS--
1	-PPP:-PPP:-ccS:S-SS:cS--	-PPP:-ccS:S-SS:cS--
1	-PPP:-PPP:-PcS:S-SS:cS--	-PPP:-PcS:S-SS:cS--
1	-PPP:-PPP:-ScS:S-SS:cS--	-PPP:-ScS:S-SS:cS--
1	PP-P:PP-P:cS-P:c--P:ScS-	PP-P:cS-P:c--P:ScS-
1	PPPP:PPPP:SSSS:c--S:ScS-	PPPP:SSSS:c--S:ScS-
1	PP-P:PP-P:cS-P:c--S:ScS-	PP-P:cS-P:c--S:ScS-
1	PP-P:PP-P:SS-P:c--S:ScS-	PP-P:SS-P:c--S:ScS-
1	PP-P:PP-P:cc-P:-c--:ScS-	PP-P:cc-P:-c--:ScS-
1	PP-P:PP-P:cP-P:-c--:ScS-	PP-P:cP-P:-c--:ScS-
1	PP-P:PP-P:cS-P:-c--:ScS-	PP-P:cS-P:-c--:ScS-
1	PPPP:PSPP:c-PP:P---:ScS-	PSPP:c-PP:P---:ScS-
1	PP-P:PP-P:cc-S:-c--:ScS-	PP-P:cc-S:-c--:ScS-
1	PP-P:PP-P:cP-S:-c--:ScS-	PP-P:cP-S:-c--:ScS-
1	PP-P:PP-P:cS-S:-c--:ScS-	PP-P:cS-S:-c--:ScS-
1	PP-P:PP-P:cP-P:-P--:ScS-	PP-P:cP-P:-P--:ScS-
1	PP-P:PP-P:cP-S:-P--:ScS-	PP-P:cP-S:-P--:ScS-
1	PP-P:PP-P:cc-P:-S--:ScS-	PP-P:cc-P:-S--:ScS-
1	PP-P:PP-P:cP-P:-S--:ScS-	PP-P:cP-P:-S--:ScS-
1	PP-P:PP-P:cS-P:-S--:ScS-	PP-P:cS-P:-S--:ScS-
1	PP-P:PP-P:cc-S:-S--:ScS-	PP-P:cc-S:-S--:ScS-
1	PP-P:PP-P:cP-S:-S--:ScS-	PP-P:cP-S:-S--:ScS-
1	PP-P:PP-P:cS-S:-S--:ScS-	PP-P:cS-S:-S--:ScS-
1	PP-P:PP-P:cS-P:P---:ScS-	PP-P:cS-P:P---:ScS-
1	PP-P:PP-P:cS-S:P---:ScS-	PP-P:cS-S:P---:ScS-
1	PP-P:PP-P:cS-P:S---:ScS-	PP-P:cS-P:S---:ScS-
1	-PPP:-PPP:-cPS:S-Sc:cS--	-PPP:-cPS:S-Sc:cS--
1	-PPP:-PPP:-PPc:S-Pc:cS--	-PPP:-PPc:S-Pc:cS--
1	PP-P:PP-P:cS-S:S---:ScS-	PP-P:cS-S:S---:ScS-
1	PPPP:PPPP:cSPP:S---:ScS-	PPPP:cSPP:S---:ScS-
1	PPP-:PPP-:ccP-:c--S:cS--	PPP-:ccP-:c--S:cS--
1	PPP-:PPP-:PcP-:c--S:cS--	PPP-:PcP-:c--S:cS--
1	PPP-:PPP-:ScP-:c--S:cS--	PPP-:ScP-:c--S:cS--
1	PPP-:PPP-:ccS-:c--S:cS--	PPP-:ccS-:c--S:cS--
1	PPP-:PPP-:PcS-:c--S:cS--	PPP-:PcS-:c--S:cS--
1	PPP-:PPP-:ScS-:c--S:cS--	PPP-:ScS-:c--S:cS--
1	-PPP:-PPP:-cPc:S--S:cS--	-PPP:-cPc:S--S:cS--
1	-PPP:-PPP:-PPc:S--S:cS--	-PPP:-PPc:S--S:cS--
1	-PPP:-PPP:-SPc:S--S:cS--	-PPP:-SPc:S--S:cS--
1	-PPP:-PPP:-cSc:S--S:cS--	-PPP:-cSc:S--S:cS--
1	-PPP:-PPP:-PSc:S--S:cS--	-PPP:-PSc:S--S:cS--
1	-PPP:-PPP:-SSc:S--S:cS--	-PPP:-SSc:S--S:cS--
1	-PPP:-PPP:-cSP:S--S:cS--	-PPP:-cSP:S--S:cS--
1	-PPP:-PPP:-cPS:S--S:cS--	-PPP:-cPS:S--S:cS--
1	-PPP:-PPP:-cSS:S--S:cS--	-PPP:-cSS:S--S:cS--
1	PPP-:PPP-:ccP-:S--S:cS--	PPP-:ccP-:S--S:cS--
1	PPP-:PPP-:PcP-:S--S:cS--	PPP-:PcP-:S--S:cS--
1	PPP-:PPP-:ScP-:S--S:cS--	PPP-:ScP-:S--S:cS--
1	PPP-:PPP-:ccS-:S--S:cS--	PPP-:ccS-:S--S:cS--
1	PPP-:PPP-:PcS-:S--S:cS--	PPP-:PcS-:S--S:cS--
1	PPP-:PPP-:ScS-:S--S:cS--	PPP-:ScS-:S--S:cS--
1	PPPP:PPPP:SScS:c--S:ScS-	PPPP:SScS:c--S:ScS-
1	-PPP:-PPP:-cSS:S-Sc:cS--	-PPP:-cSS:S-Sc:cS--
1	-PPP:-PPP:--Pc:S--S:cS--	-PPP:--Pc:S--S:cS--
1	-PPP:-PPP:--Sc:S--S:cS--	-PPP:--Sc:S--S:cS--
1	PPPP:PPPP:cScP:c--S:ScS-	PPPP:cScP:c--S:ScS-
1	-PPP:-PPP:-SSc:S-Sc:cS--	-PPP:-SSc:S-Sc:cS--
1	-P-P:-P-P:-c-c:-c-S:ScS-	-P-P:-c-c:-c-S:ScS-
1	-P-P:-P-P:-P-c:-c-S:ScS-	-P-P:-P-c:-c-S:ScS-
1	-P-P:-P-P:-S-c:-c-S:ScS-	-P-P:-S-c:-c-S:ScS-
1	-P-P:-P-P:-P-c:-P-S:ScS-	-P-P:-P-c:-P-S:ScS-
1	-P-P:-P-P:-c-c:-S-S:ScS-	-P-P:-c-c:-S-S:ScS-
1	-P-P:-P-P:-P-c:-S-S:ScS-	-P-P:-P-c:-S-S:ScS-
1	-P-P:-P-P:-S-c:-S-S:ScS-	-P-P:-S-c:-S-S:ScS-
1	PPPP:PPPP:PcPc:-S-S:ScS-	PPPP:PcPc:-S-S:ScS-
1	--PP:--PP:--Pc:S-Pc:cS--	--PP:--Pc:S-Pc:cS--
1	--PP:--PP:--PP:S-Pc:cS--	--PP:--PP:S-Pc:cS--
1	--PP:--PP:--PS:S-Pc:cS--	--PP:--PS:S-Pc:cS--
1	--PP:--PP:--cc:S-Sc:cS--	--PP:--cc:S-Sc:cS--
1	--PP:--PP:--Pc:S-Sc:cS--	--PP:--Pc:S-Sc:cS--
1	--PP:--PP:--Sc:S-Sc:cS--	--PP:--Sc:S-Sc:cS--
1	--PP:--PP:--cP:S-Sc:cS--	--PP:--cP:S-Sc:cS--
1	--PP:--PP:--PP:S-Sc:cS--	--PP:--PP:S-Sc:cS--
1	--PP:--PP:--SP:S-Sc:cS--	--PP:--SP:S-Sc:cS--
1	--PP:--PP:--cS:S-Sc:cS--	--PP:--cS:S-Sc:cS--
1	--PP:--PP:--PS:S-Sc:cS--	--PP:--PS:S-Sc:cS--
1	--PP:--PP:--SS:S-Sc:cS--	--PP:--SS:S-Sc:cS--
1	--PP:--PP:--cc:S-SS:cS--	--PP:--cc:S-SS:cS--
1	--PP:--PP:--cP:S-SS:cS--	--PP:--cP:S-SS:cS--
1	--PP:--PP:--cS:S-SS:cS--	--PP:--cS:S-SS:cS--
1	-PPP:-PPP:-ccP:S-SS:cS--	-PPP:-ccP:S-SS:cS--
1	-PPP:-PPP:-PcP:S-SS:cS--	-PPP:-PcP:S-SS:cS--
1	PP-P:PP-P:cS-c:-c-S:ScS-	PP-P:cS-c:-c-S:ScS-
1	PPPP:PPPP:cP-P:-P--:ScS-	PPPP:cP-P:-P--:ScS-
1	PPPP:PPPP:cP-P:-S--:ScS-	PPPP:cP-P:-S--:ScS-
1	PPPP:PPPP:cPcc:-S-S:ScS-	PPPP:cPcc:-S-S:ScS-
1	PPPP:PPPP:SScc:P--S:ScS-	PPPP:SScc:P--S:ScS-
1	PPPP:PPPP:SScc:S--S:ScS-	PPPP:SScc:S--S:ScS-
1	-PPP:-PPP:-ScP:S-SS:cS--	-PPP:-ScP:S-SS:cS--
1	--PP:--PP:--Pc:S--S:cS--	--PP:--Pc:S--S:cS--
1	--PP:--PP:--Sc:S--S:cS--	--PP:--Sc:S--S:cS--
1	PPPP:PPPP:PSSP:c--P:ScS-	PPPP:PSSP:c--P:ScS-
1	-PP-:-PP-:-cP-:SS-S:c---	-PP-:-cP-:SS-S:c---
1	-PP-:-PP-:-cS-:SS-S:c---	-PP-:-cS-:SS-S:c---
1	PPPP:PPPP:SSPc:P--S:ScS-	PPPP:SSPc:P--S:ScS-
1	PPPP:PPPP:SSPc:S--S:ScS-	PPPP:SSPc:S--S:ScS-
1	PPPP:PPPP:cSSc:S--S:ScS-	PPPP:cSSc:S--S:ScS-
1	PPPP:PPPP:cSSP:S---:ScS-	PPPP:cSSP:S---:ScS-
1	-PPP:-PPP:-cPP:S--S:cS--	-PPP:-cPP:S--S:cS--
